INSERT INTO DINDINAGORA.CLIENTE (ID, NOME, TIPO_PESSOA, DOCUMENTO, DATA_NASCIMENTO, TELEFONE, CELULAR, EMAIL, STATUS)
	VALUES(1, 'SARA PINHEIRO', 'F', '1234567890', '1992-09-25', '1123456789', '11987653210', 'rm337029@fiap.com.br', 'ATIVO');
INSERT INTO DINDINAGORA.CLIENTE (ID, NOME, TIPO_PESSOA, DOCUMENTO, DATA_NASCIMENTO, TELEFONE, CELULAR, EMAIL, STATUS)
	VALUES(2, 'IGOR JOHANES', 'M', '9234567890', '1999-12-05', '1153456789', '11887653210', 'rm347029@fiap.com.br', 'ATIVO');
INSERT INTO DINDINAGORA.CLIENTE (ID, NOME, TIPO_PESSOA, DOCUMENTO, DATA_NASCIMENTO, TELEFONE, CELULAR, EMAIL, STATUS)
	VALUES(3, 'HENRIQUE OLIVEIRA', 'M', '8234567890', '1998-05-28', '1143456789', '11787653210', 'rm357029@fiap.com.br', 'ATIVO');
INSERT INTO DINDINAGORA.CLIENTE (ID, NOME, TIPO_PESSOA, DOCUMENTO, DATA_NASCIMENTO, TELEFONE, CELULAR, EMAIL, STATUS)
	VALUES(4, 'JOÃO SILVA', 'M', '7234567890', '1982-08-15', '1173456789', '11687653210', 'rm336665@fiap.com.br', 'ATIVO');
INSERT INTO DINDINAGORA.CLIENTE (ID, NOME, TIPO_PESSOA, DOCUMENTO, DATA_NASCIMENTO, TELEFONE, CELULAR, EMAIL, STATUS)
	VALUES(5, 'CRISTINA SOUZA', 'F', '7264567890', '1991-01-15', '1178856789', '11687888810', 'rm388665@fiap.com.br', 'ATIVO');
    
SELECT * FROM DINDINAGORA.CLIENTE;

/***********************************************************************************************************************************/
INSERT INTO PRODUTO (ID, TIPO, DESCRICAO, VALOR, STATUS) VALUES (1, 'RENDA FIXA', 'CDB XPTO', 123, 'ATIVO');
INSERT INTO PRODUTO (ID, TIPO, DESCRICAO, VALOR, STATUS) VALUES (2, 'RENDA FIXA', 'LCI ABCD', 456, 'ATIVO');
INSERT INTO PRODUTO (ID, TIPO, DESCRICAO, VALOR, STATUS) VALUES (3, 'RENDA FIXA', 'LCA EFGH', 789, 'ATIVO');

INSERT INTO PRODUTO (ID, TIPO, DESCRICAO, VALOR, STATUS) VALUES (4, 'RENDA VARIAVEL', 'FII', 123, 'ATIVO');
INSERT INTO PRODUTO (ID, TIPO, DESCRICAO, VALOR, STATUS) VALUES (5, 'RENDA VARIAVEL', 'EFI123', 123, 'ATIVO');
INSERT INTO PRODUTO (ID, TIPO, DESCRICAO, VALOR, STATUS) VALUES (6, 'RENDA VARIAVEL', 'FII3', 123, 'ATIVO');

INSERT INTO PRODUTO (ID, TIPO, DESCRICAO, VALOR, STATUS) VALUES (7, 'AÇÃO', 'MGLU3', 367, 'ATIVO');
INSERT INTO PRODUTO (ID, TIPO, DESCRICAO, VALOR, STATUS) VALUES (8, 'AÇÃO', 'VIIA3', 300, 'ATIVO');
INSERT INTO PRODUTO (ID, TIPO, DESCRICAO, VALOR, STATUS) VALUES (9, 'AÇÃO', 'CPLE6', 747, 'ATIVO');

SELECT * FROM DINDINAGORA.PRODUTO;

/***********************************************************************************************************************************/
INSERT TRANSACAO (ID, ID_CLIENTE, ID_PRODUTO, TIPO_TRANSACAO, TIPO_CD, VALOR, DATA, STATUS, ORIGEM, DESTINO)
	VALUES (1, 1, 1, 'COMPRA', 'D', 1234, now(), 'ATIVO', 'RICO INVESTIMENTOS', '');
INSERT TRANSACAO (ID, ID_CLIENTE, ID_PRODUTO, TIPO_TRANSACAO, TIPO_CD, VALOR, DATA, STATUS, ORIGEM, DESTINO)
	VALUES (2, 1, 2, 'COMPRA', 'D', 5677, now(), 'ATIVO', 'RICO INVESTIMENTOS', '');
INSERT TRANSACAO (ID, ID_CLIENTE, ID_PRODUTO, TIPO_TRANSACAO, TIPO_CD, VALOR, DATA, STATUS, ORIGEM, DESTINO)
	VALUES (3, 1, 3, 'COMPRA', 'D', 6345, now(), 'ATIVO', 'RICO INVESTIMENTOS', '');
    
INSERT TRANSACAO (ID, ID_CLIENTE, ID_PRODUTO, TIPO_TRANSACAO, TIPO_CD, VALOR, DATA, STATUS, ORIGEM, DESTINO)
	VALUES (4, 2, 4, 'COMPRA', 'D', 324, now(), 'ATIVO', 'XP INVESTIMENTOS', '');
INSERT TRANSACAO (ID, ID_CLIENTE, ID_PRODUTO, TIPO_TRANSACAO, TIPO_CD, VALOR, DATA, STATUS, ORIGEM, DESTINO)
	VALUES (5, 2, 5, 'COMPRA', 'D', 234, now(), 'ATIVO', 'XP INVESTIMENTOS', '');
INSERT TRANSACAO (ID, ID_CLIENTE, ID_PRODUTO, TIPO_TRANSACAO, TIPO_CD, VALOR, DATA, STATUS, ORIGEM, DESTINO)
	VALUES (6, 2, 6, 'COMPRA', 'D', 654, now(), 'ATIVO', 'XP INVESTIMENTOS', '');
 
INSERT TRANSACAO (ID, ID_CLIENTE, ID_PRODUTO, TIPO_TRANSACAO, TIPO_CD, VALOR, DATA, STATUS, ORIGEM, DESTINO)
	VALUES (7, 2, 7, 'COMPRA', 'D', 12345, now(), 'ATIVO', 'EASYINVEST INVESTIMENTOS', '');
INSERT TRANSACAO (ID, ID_CLIENTE, ID_PRODUTO, TIPO_TRANSACAO, TIPO_CD, VALOR, DATA, STATUS, ORIGEM, DESTINO)
	VALUES (8, 2, 8, 'COMPRA', 'D', 321, now(), 'ATIVO', 'EASYINVEST INVESTIMENTOS', '');
INSERT TRANSACAO (ID, ID_CLIENTE, ID_PRODUTO, TIPO_TRANSACAO, TIPO_CD, VALOR, DATA, STATUS, ORIGEM, DESTINO)
	VALUES (9, 2, 9, 'COMPRA', 'D', 800, now(), 'ATIVO', 'EASYINVEST INVESTIMENTOS', '');
    
INSERT TRANSACAO (ID, ID_CLIENTE, ID_PRODUTO, TIPO_TRANSACAO, TIPO_CD, VALOR, DATA, STATUS, ORIGEM, DESTINO)
	VALUES (10, 1, 1, 'COMPRA', 'D', 357, now(), 'ATIVO', 'RICO INVESTIMENTOS', '');
INSERT TRANSACAO (ID, ID_CLIENTE, ID_PRODUTO, TIPO_TRANSACAO, TIPO_CD, VALOR, DATA, STATUS, ORIGEM, DESTINO)
	VALUES (11, 1, 2, 'COMPRA', 'D', 654, now(), 'ATIVO', 'RICO INVESTIMENTOS', '');
 
INSERT TRANSACAO (ID, ID_CLIENTE, ID_PRODUTO, TIPO_TRANSACAO, TIPO_CD, VALOR, DATA, STATUS, ORIGEM, DESTINO)
	VALUES (12, 2, 5, 'COMPRA', 'D', 100, now(), 'ATIVO', 'XP INVESTIMENTOS', '');
INSERT TRANSACAO (ID, ID_CLIENTE, ID_PRODUTO, TIPO_TRANSACAO, TIPO_CD, VALOR, DATA, STATUS, ORIGEM, DESTINO)
	VALUES (13, 2, 6, 'COMPRA', 'D', 100, now(), 'ATIVO', 'XP INVESTIMENTOS', '');

SELECT * FROM DINDINAGORA.TRANSACAO;

/***********************************************************************************************************************************/

INSERT INTO SIMILARIDADE (ID, ID_CLIENTE_ORIGEM, ID_CLIENTE_DESTINO, SIMILARIDADE) VALUES (1, 4, 1, 1);
INSERT INTO SIMILARIDADE (ID, ID_CLIENTE_ORIGEM, ID_CLIENTE_DESTINO, SIMILARIDADE) VALUES (2, 5, 2, 1);

SELECT * FROM DINDINAGORA.SIMILARIDADE;

