INSERT INTO DINDINAGORA.CLIENTE (ID, NOME, TIPO_PESSOA, DOCUMENTO, DATA_NASCIMENTO, TELEFONE, CELULAR, EMAIL, STATUS)
	VALUES(1, 'SARA PINHEIRO', 'F', '1234567890', '1992-09-25', '1123456789', '11987653210', 'rm337029@fiap.com.br', 'ATIVO');
INSERT INTO DINDINAGORA.CLIENTE (ID, NOME, TIPO_PESSOA, DOCUMENTO, DATA_NASCIMENTO, TELEFONE, CELULAR, EMAIL, STATUS)
	VALUES(2, 'IGOR JOHANES', 'M', '9234567890', '1999-12-05', '1153456789', '11887653210', 'rm347029@fiap.com.br', 'ATIVO');
INSERT INTO DINDINAGORA.CLIENTE (ID, NOME, TIPO_PESSOA, DOCUMENTO, DATA_NASCIMENTO, TELEFONE, CELULAR, EMAIL, STATUS)
	VALUES(3, 'HENRIQUE OLIVEIRA', 'M', '8234567890', '1998-05-28', '1143456789', '11787653210', 'rm357029@fiap.com.br', 'ATIVO');
INSERT INTO DINDINAGORA.CLIENTE (ID, NOME, TIPO_PESSOA, DOCUMENTO, DATA_NASCIMENTO, TELEFONE, CELULAR, EMAIL, STATUS)
	VALUES(4, 'JOÃO SILVA', 'M', '7234567890', '1982-08-15', '1173456789', '11687653210', 'rm336665@fiap.com.br', 'ATIVO');
INSERT INTO DINDINAGORA.CLIENTE (ID, NOME, TIPO_PESSOA, DOCUMENTO, DATA_NASCIMENTO, TELEFONE, CELULAR, EMAIL, STATUS)
	VALUES(5, 'CRISTINA SOUZA', 'F', '7264567890', '1991-01-15', '1178856789', '11687888810', 'rm388665@fiap.com.br', 'ATIVO');
INSERT INTO DINDINAGORA.CLIENTE (ID, NOME, TIPO_PESSOA, DOCUMENTO, DATA_NASCIMENTO, TELEFONE, CELULAR, EMAIL, STATUS)
	VALUES(6, 'RICHARD MOTA', 'M', '7264111890', '1971-01-15', '1178877789', '11687887710', 'rm377665@fiap.com.br', 'ATIVO');
INSERT INTO DINDINAGORA.CLIENTE (ID, NOME, TIPO_PESSOA, DOCUMENTO, DATA_NASCIMENTO, TELEFONE, CELULAR, EMAIL, STATUS)
	VALUES(7, 'PAULO HENRIQUE', 'M', '7999111890', '1999-01-15', '1199977999', '11689997710', 'rm377999@fiap.com.br', 'ATIVO');
    
SELECT * FROM DINDINAGORA.CLIENTE;

/***********************************************************************************************************************************/
INSERT INTO PRODUTO (ID, TIPO, DESCRICAO, VALOR, STATUS) VALUES (1, 'RENDA FIXA', 'CDB XPTO', 123, 'ATIVO');
INSERT INTO PRODUTO (ID, TIPO, DESCRICAO, VALOR, STATUS) VALUES (2, 'RENDA FIXA', 'LCI ABCD', 456, 'ATIVO');
INSERT INTO PRODUTO (ID, TIPO, DESCRICAO, VALOR, STATUS) VALUES (3, 'RENDA FIXA', 'LCA EFGH', 789, 'ATIVO');

INSERT INTO PRODUTO (ID, TIPO, DESCRICAO, VALOR, STATUS) VALUES (4, 'RENDA VARIAVEL', 'FII', 123, 'ATIVO');
INSERT INTO PRODUTO (ID, TIPO, DESCRICAO, VALOR, STATUS) VALUES (5, 'RENDA VARIAVEL', 'EFI123', 123, 'ATIVO');
INSERT INTO PRODUTO (ID, TIPO, DESCRICAO, VALOR, STATUS) VALUES (6, 'RENDA VARIAVEL', 'FII3', 123, 'ATIVO');

INSERT INTO PRODUTO (ID, TIPO, DESCRICAO, VALOR, STATUS) VALUES (7, 'AÇÃO', 'MGLU3', 367, 'ATIVO');
INSERT INTO PRODUTO (ID, TIPO, DESCRICAO, VALOR, STATUS) VALUES (8, 'AÇÃO', 'VIIA3', 300, 'ATIVO');
INSERT INTO PRODUTO (ID, TIPO, DESCRICAO, VALOR, STATUS) VALUES (9, 'AÇÃO', 'CPLE6', 747, 'ATIVO');

SELECT * FROM DINDINAGORA.PRODUTO;

/***********************************************************************************************************************************/
INSERT TRANSACAO (ID, ID_CLIENTE, ID_PRODUTO, TIPO_TRANSACAO, TIPO_CD, VALOR, DATA, STATUS, ORIGEM, DESTINO)
	VALUES (1, 1, 1, 'COMPRA', 'D', 1234, now(), 'ATIVO', 'RICO INVESTIMENTOS', '');
INSERT TRANSACAO (ID, ID_CLIENTE, ID_PRODUTO, TIPO_TRANSACAO, TIPO_CD, VALOR, DATA, STATUS, ORIGEM, DESTINO)
	VALUES (2, 1, 2, 'COMPRA', 'D', 5677, now(), 'ATIVO', 'RICO INVESTIMENTOS', '');
INSERT TRANSACAO (ID, ID_CLIENTE, ID_PRODUTO, TIPO_TRANSACAO, TIPO_CD, VALOR, DATA, STATUS, ORIGEM, DESTINO)
	VALUES (3, 1, 3, 'COMPRA', 'D', 6345, now(), 'ATIVO', 'RICO INVESTIMENTOS', '');
    
INSERT TRANSACAO (ID, ID_CLIENTE, ID_PRODUTO, TIPO_TRANSACAO, TIPO_CD, VALOR, DATA, STATUS, ORIGEM, DESTINO)
	VALUES (4, 2, 4, 'COMPRA', 'D', 324, now(), 'ATIVO', 'XP INVESTIMENTOS', '');
INSERT TRANSACAO (ID, ID_CLIENTE, ID_PRODUTO, TIPO_TRANSACAO, TIPO_CD, VALOR, DATA, STATUS, ORIGEM, DESTINO)
	VALUES (5, 2, 5, 'COMPRA', 'D', 234, now(), 'ATIVO', 'XP INVESTIMENTOS', '');
INSERT TRANSACAO (ID, ID_CLIENTE, ID_PRODUTO, TIPO_TRANSACAO, TIPO_CD, VALOR, DATA, STATUS, ORIGEM, DESTINO)
	VALUES (6, 2, 6, 'COMPRA', 'D', 654, now(), 'ATIVO', 'XP INVESTIMENTOS', '');
 
INSERT TRANSACAO (ID, ID_CLIENTE, ID_PRODUTO, TIPO_TRANSACAO, TIPO_CD, VALOR, DATA, STATUS, ORIGEM, DESTINO)
	VALUES (7, 3, 7, 'COMPRA', 'D', 12345, now(), 'ATIVO', 'EASYINVEST INVESTIMENTOS', '');
INSERT TRANSACAO (ID, ID_CLIENTE, ID_PRODUTO, TIPO_TRANSACAO, TIPO_CD, VALOR, DATA, STATUS, ORIGEM, DESTINO)
	VALUES (8, 3, 8, 'COMPRA', 'D', 321, now(), 'ATIVO', 'EASYINVEST INVESTIMENTOS', '');
INSERT TRANSACAO (ID, ID_CLIENTE, ID_PRODUTO, TIPO_TRANSACAO, TIPO_CD, VALOR, DATA, STATUS, ORIGEM, DESTINO)
	VALUES (9, 3, 9, 'COMPRA', 'D', 800, now(), 'ATIVO', 'EASYINVEST INVESTIMENTOS', '');
    
INSERT TRANSACAO (ID, ID_CLIENTE, ID_PRODUTO, TIPO_TRANSACAO, TIPO_CD, VALOR, DATA, STATUS, ORIGEM, DESTINO)
	VALUES (10, 4, 1, 'COMPRA', 'D', 357, now(), 'ATIVO', 'RICO INVESTIMENTOS', '');
INSERT TRANSACAO (ID, ID_CLIENTE, ID_PRODUTO, TIPO_TRANSACAO, TIPO_CD, VALOR, DATA, STATUS, ORIGEM, DESTINO)
	VALUES (11, 4, 2, 'COMPRA', 'D', 654, now(), 'ATIVO', 'RICO INVESTIMENTOS', '');
 
INSERT TRANSACAO (ID, ID_CLIENTE, ID_PRODUTO, TIPO_TRANSACAO, TIPO_CD, VALOR, DATA, STATUS, ORIGEM, DESTINO)
	VALUES (12, 5, 5, 'COMPRA', 'D', 100, now(), 'ATIVO', 'XP INVESTIMENTOS', '');

INSERT TRANSACAO (ID, ID_CLIENTE, ID_PRODUTO, TIPO_TRANSACAO, TIPO_CD, VALOR, DATA, STATUS, ORIGEM, DESTINO)
	VALUES (13, 6, 3, 'COMPRA', 'D', 459, now(), 'ATIVO', 'RICO INVESTIMENTOS', '');
INSERT TRANSACAO (ID, ID_CLIENTE, ID_PRODUTO, TIPO_TRANSACAO, TIPO_CD, VALOR, DATA, STATUS, ORIGEM, DESTINO)
	VALUES (14, 6, 4, 'COMPRA', 'D', 370, now(), 'ATIVO', 'RICO INVESTIMENTOS', '');
    
INSERT TRANSACAO (ID, ID_CLIENTE, ID_PRODUTO, TIPO_TRANSACAO, TIPO_CD, VALOR, DATA, STATUS, ORIGEM, DESTINO)
	VALUES (15, 7, 3, 'COMPRA', 'D', 459, now(), 'ATIVO', 'RICO INVESTIMENTOS', '');
INSERT TRANSACAO (ID, ID_CLIENTE, ID_PRODUTO, TIPO_TRANSACAO, TIPO_CD, VALOR, DATA, STATUS, ORIGEM, DESTINO)
	VALUES (16, 7, 8, 'COMPRA', 'D', 370, now(), 'ATIVO', 'RICO INVESTIMENTOS', '');
INSERT TRANSACAO (ID, ID_CLIENTE, ID_PRODUTO, TIPO_TRANSACAO, TIPO_CD, VALOR, DATA, STATUS, ORIGEM, DESTINO)
	VALUES (17, 7, 6, 'COMPRA', 'D', 3, now(), 'ATIVO', 'RICO INVESTIMENTOS', '');

SELECT * FROM DINDINAGORA.TRANSACAO;

/***********************************************************************************************************************************/
/************************ SIMILARIDADE POR FILTRAGEM COLABORATIVA ************************/
/* SARA */
INSERT INTO SIMILARIDADE (ID, ID_CLIENTE_ORIGEM, ID_CLIENTE_DESTINO, SIMILARIDADE) VALUES (1, 1, 2, 0);
INSERT INTO SIMILARIDADE (ID, ID_CLIENTE_ORIGEM, ID_CLIENTE_DESTINO, SIMILARIDADE) VALUES (2, 1, 3, 0);
INSERT INTO SIMILARIDADE (ID, ID_CLIENTE_ORIGEM, ID_CLIENTE_DESTINO, SIMILARIDADE) VALUES (3, 1, 4, 0.309);
INSERT INTO SIMILARIDADE (ID, ID_CLIENTE_ORIGEM, ID_CLIENTE_DESTINO, SIMILARIDADE) VALUES (4, 1, 5, 0);
INSERT INTO SIMILARIDADE (ID, ID_CLIENTE_ORIGEM, ID_CLIENTE_DESTINO, SIMILARIDADE) VALUES (5, 1, 6, 0.5);
INSERT INTO SIMILARIDADE (ID, ID_CLIENTE_ORIGEM, ID_CLIENTE_DESTINO, SIMILARIDADE) VALUES (6, 1, 7, 0.5);

/* IGOR */
INSERT INTO SIMILARIDADE (ID, ID_CLIENTE_ORIGEM, ID_CLIENTE_DESTINO, SIMILARIDADE) VALUES ( 7, 2, 1, 0);
INSERT INTO SIMILARIDADE (ID, ID_CLIENTE_ORIGEM, ID_CLIENTE_DESTINO, SIMILARIDADE) VALUES ( 8, 2, 3, 0);
INSERT INTO SIMILARIDADE (ID, ID_CLIENTE_ORIGEM, ID_CLIENTE_DESTINO, SIMILARIDADE) VALUES ( 9, 2, 4, 0);
INSERT INTO SIMILARIDADE (ID, ID_CLIENTE_ORIGEM, ID_CLIENTE_DESTINO, SIMILARIDADE) VALUES (10, 2, 5, 0.4142135623730951);
INSERT INTO SIMILARIDADE (ID, ID_CLIENTE_ORIGEM, ID_CLIENTE_DESTINO, SIMILARIDADE) VALUES (11, 2, 6, 0);
INSERT INTO SIMILARIDADE (ID, ID_CLIENTE_ORIGEM, ID_CLIENTE_DESTINO, SIMILARIDADE) VALUES (12, 2, 7, 0.5);

/* HENRIQUE */
INSERT INTO SIMILARIDADE (ID, ID_CLIENTE_ORIGEM, ID_CLIENTE_DESTINO, SIMILARIDADE) VALUES (13, 3, 1, 0);
INSERT INTO SIMILARIDADE (ID, ID_CLIENTE_ORIGEM, ID_CLIENTE_DESTINO, SIMILARIDADE) VALUES (14, 3, 2, 0);
INSERT INTO SIMILARIDADE (ID, ID_CLIENTE_ORIGEM, ID_CLIENTE_DESTINO, SIMILARIDADE) VALUES (15, 3, 4, 0);
INSERT INTO SIMILARIDADE (ID, ID_CLIENTE_ORIGEM, ID_CLIENTE_DESTINO, SIMILARIDADE) VALUES (16, 3, 5, 0.5);
INSERT INTO SIMILARIDADE (ID, ID_CLIENTE_ORIGEM, ID_CLIENTE_DESTINO, SIMILARIDADE) VALUES (17, 3, 6, 0.5);
INSERT INTO SIMILARIDADE (ID, ID_CLIENTE_ORIGEM, ID_CLIENTE_DESTINO, SIMILARIDADE) VALUES (18, 3, 7, 0.5);

/* JOÃO */
INSERT INTO SIMILARIDADE (ID, ID_CLIENTE_ORIGEM, ID_CLIENTE_DESTINO, SIMILARIDADE) VALUES (19, 4, 1, 0.309);
INSERT INTO SIMILARIDADE (ID, ID_CLIENTE_ORIGEM, ID_CLIENTE_DESTINO, SIMILARIDADE) VALUES (20, 4, 2, 0);
INSERT INTO SIMILARIDADE (ID, ID_CLIENTE_ORIGEM, ID_CLIENTE_DESTINO, SIMILARIDADE) VALUES (21, 4, 3, 0);
INSERT INTO SIMILARIDADE (ID, ID_CLIENTE_ORIGEM, ID_CLIENTE_DESTINO, SIMILARIDADE) VALUES (22, 4, 5, 0);
INSERT INTO SIMILARIDADE (ID, ID_CLIENTE_ORIGEM, ID_CLIENTE_DESTINO, SIMILARIDADE) VALUES (23, 4, 6, 0);
INSERT INTO SIMILARIDADE (ID, ID_CLIENTE_ORIGEM, ID_CLIENTE_DESTINO, SIMILARIDADE) VALUES (24, 4, 7, 0);

/* CRISTINA */
INSERT INTO SIMILARIDADE (ID, ID_CLIENTE_ORIGEM, ID_CLIENTE_DESTINO, SIMILARIDADE) VALUES (25, 5, 1, 0);
INSERT INTO SIMILARIDADE (ID, ID_CLIENTE_ORIGEM, ID_CLIENTE_DESTINO, SIMILARIDADE) VALUES (26, 5, 2, 0.4142135623730951);
INSERT INTO SIMILARIDADE (ID, ID_CLIENTE_ORIGEM, ID_CLIENTE_DESTINO, SIMILARIDADE) VALUES (27, 5, 3, 0.5);
INSERT INTO SIMILARIDADE (ID, ID_CLIENTE_ORIGEM, ID_CLIENTE_DESTINO, SIMILARIDADE) VALUES (28, 5, 4, 0);
INSERT INTO SIMILARIDADE (ID, ID_CLIENTE_ORIGEM, ID_CLIENTE_DESTINO, SIMILARIDADE) VALUES (29, 5, 6, 0);
INSERT INTO SIMILARIDADE (ID, ID_CLIENTE_ORIGEM, ID_CLIENTE_DESTINO, SIMILARIDADE) VALUES (30, 5, 7, 0.3333333333333333);

/* RICHARD */
INSERT INTO SIMILARIDADE (ID, ID_CLIENTE_ORIGEM, ID_CLIENTE_DESTINO, SIMILARIDADE) VALUES (31, 6, 1, 0.5);
INSERT INTO SIMILARIDADE (ID, ID_CLIENTE_ORIGEM, ID_CLIENTE_DESTINO, SIMILARIDADE) VALUES (32, 6, 2, 0);
INSERT INTO SIMILARIDADE (ID, ID_CLIENTE_ORIGEM, ID_CLIENTE_DESTINO, SIMILARIDADE) VALUES (33, 6, 3, 0.5);
INSERT INTO SIMILARIDADE (ID, ID_CLIENTE_ORIGEM, ID_CLIENTE_DESTINO, SIMILARIDADE) VALUES (34, 6, 4, 0);
INSERT INTO SIMILARIDADE (ID, ID_CLIENTE_ORIGEM, ID_CLIENTE_DESTINO, SIMILARIDADE) VALUES (35, 6, 5, 0);
INSERT INTO SIMILARIDADE (ID, ID_CLIENTE_ORIGEM, ID_CLIENTE_DESTINO, SIMILARIDADE) VALUES (36, 6, 7, 1.0);

/* PAULO */
INSERT INTO SIMILARIDADE (ID, ID_CLIENTE_ORIGEM, ID_CLIENTE_DESTINO, SIMILARIDADE) VALUES (37, 7, 1, 0.5);
INSERT INTO SIMILARIDADE (ID, ID_CLIENTE_ORIGEM, ID_CLIENTE_DESTINO, SIMILARIDADE) VALUES (38, 7, 2, 0.5);
INSERT INTO SIMILARIDADE (ID, ID_CLIENTE_ORIGEM, ID_CLIENTE_DESTINO, SIMILARIDADE) VALUES (39, 7, 3, 0.5);
INSERT INTO SIMILARIDADE (ID, ID_CLIENTE_ORIGEM, ID_CLIENTE_DESTINO, SIMILARIDADE) VALUES (40, 7, 4, 0);
INSERT INTO SIMILARIDADE (ID, ID_CLIENTE_ORIGEM, ID_CLIENTE_DESTINO, SIMILARIDADE) VALUES (41, 7, 5, 0.3333333333333333);
INSERT INTO SIMILARIDADE (ID, ID_CLIENTE_ORIGEM, ID_CLIENTE_DESTINO, SIMILARIDADE) VALUES (42, 7, 6, 1.0);





/************************ SIMILARIDADE POR PONTUAÇÃO ************************/
/* SARA */
INSERT INTO SIMILARIDADE (ID, ID_CLIENTE_ORIGEM, ID_CLIENTE_DESTINO, PONTUACAO) VALUES (43, 1, 2, 0);
INSERT INTO SIMILARIDADE (ID, ID_CLIENTE_ORIGEM, ID_CLIENTE_DESTINO, PONTUACAO) VALUES (44, 1, 3, 0);
INSERT INTO SIMILARIDADE (ID, ID_CLIENTE_ORIGEM, ID_CLIENTE_DESTINO, PONTUACAO) VALUES (45, 1, 4, 0);
INSERT INTO SIMILARIDADE (ID, ID_CLIENTE_ORIGEM, ID_CLIENTE_DESTINO, PONTUACAO) VALUES (46, 1, 5, 0);
INSERT INTO SIMILARIDADE (ID, ID_CLIENTE_ORIGEM, ID_CLIENTE_DESTINO, PONTUACAO) VALUES (47, 1, 6, 0);
INSERT INTO SIMILARIDADE (ID, ID_CLIENTE_ORIGEM, ID_CLIENTE_DESTINO, PONTUACAO) VALUES (48, 1, 7, 0);

/* IGOR */
INSERT INTO SIMILARIDADE (ID, ID_CLIENTE_ORIGEM, ID_CLIENTE_DESTINO, PONTUACAO) VALUES (49, 2, 1, 0);
INSERT INTO SIMILARIDADE (ID, ID_CLIENTE_ORIGEM, ID_CLIENTE_DESTINO, PONTUACAO) VALUES (50, 2, 3, 0);
INSERT INTO SIMILARIDADE (ID, ID_CLIENTE_ORIGEM, ID_CLIENTE_DESTINO, PONTUACAO) VALUES (51, 2, 4, 0);
INSERT INTO SIMILARIDADE (ID, ID_CLIENTE_ORIGEM, ID_CLIENTE_DESTINO, PONTUACAO) VALUES (52, 2, 5, 0);
INSERT INTO SIMILARIDADE (ID, ID_CLIENTE_ORIGEM, ID_CLIENTE_DESTINO, PONTUACAO) VALUES (53, 2, 6, 0);
INSERT INTO SIMILARIDADE (ID, ID_CLIENTE_ORIGEM, ID_CLIENTE_DESTINO, PONTUACAO) VALUES (54, 2, 7, 0);

/* HENRIQUE */
INSERT INTO SIMILARIDADE (ID, ID_CLIENTE_ORIGEM, ID_CLIENTE_DESTINO, PONTUACAO) VALUES (55, 3, 1, 0);
INSERT INTO SIMILARIDADE (ID, ID_CLIENTE_ORIGEM, ID_CLIENTE_DESTINO, PONTUACAO) VALUES (56, 3, 2, 0);
INSERT INTO SIMILARIDADE (ID, ID_CLIENTE_ORIGEM, ID_CLIENTE_DESTINO, PONTUACAO) VALUES (57, 3, 4, 0);
INSERT INTO SIMILARIDADE (ID, ID_CLIENTE_ORIGEM, ID_CLIENTE_DESTINO, PONTUACAO) VALUES (58, 3, 5, 0);
INSERT INTO SIMILARIDADE (ID, ID_CLIENTE_ORIGEM, ID_CLIENTE_DESTINO, PONTUACAO) VALUES (59, 3, 6, 0);
INSERT INTO SIMILARIDADE (ID, ID_CLIENTE_ORIGEM, ID_CLIENTE_DESTINO, PONTUACAO) VALUES (60, 3, 7, 0);

/* JOÃO */
INSERT INTO SIMILARIDADE (ID, ID_CLIENTE_ORIGEM, ID_CLIENTE_DESTINO, PONTUACAO) VALUES (61, 4, 1, 0);
INSERT INTO SIMILARIDADE (ID, ID_CLIENTE_ORIGEM, ID_CLIENTE_DESTINO, PONTUACAO) VALUES (62, 4, 2, 0);
INSERT INTO SIMILARIDADE (ID, ID_CLIENTE_ORIGEM, ID_CLIENTE_DESTINO, PONTUACAO) VALUES (63, 4, 3, 0);
INSERT INTO SIMILARIDADE (ID, ID_CLIENTE_ORIGEM, ID_CLIENTE_DESTINO, PONTUACAO) VALUES (64, 4, 5, 0);
INSERT INTO SIMILARIDADE (ID, ID_CLIENTE_ORIGEM, ID_CLIENTE_DESTINO, PONTUACAO) VALUES (65, 4, 6, 0);
INSERT INTO SIMILARIDADE (ID, ID_CLIENTE_ORIGEM, ID_CLIENTE_DESTINO, PONTUACAO) VALUES (66, 4, 7, 0);

/* CRISTINA */
INSERT INTO SIMILARIDADE (ID, ID_CLIENTE_ORIGEM, ID_CLIENTE_DESTINO, PONTUACAO) VALUES (67, 5, 1, 0);
INSERT INTO SIMILARIDADE (ID, ID_CLIENTE_ORIGEM, ID_CLIENTE_DESTINO, PONTUACAO) VALUES (68, 5, 2, 0);
INSERT INTO SIMILARIDADE (ID, ID_CLIENTE_ORIGEM, ID_CLIENTE_DESTINO, PONTUACAO) VALUES (69, 5, 3, 0);
INSERT INTO SIMILARIDADE (ID, ID_CLIENTE_ORIGEM, ID_CLIENTE_DESTINO, PONTUACAO) VALUES (70, 5, 4, 0);
INSERT INTO SIMILARIDADE (ID, ID_CLIENTE_ORIGEM, ID_CLIENTE_DESTINO, PONTUACAO) VALUES (71, 5, 6, 0);
INSERT INTO SIMILARIDADE (ID, ID_CLIENTE_ORIGEM, ID_CLIENTE_DESTINO, PONTUACAO) VALUES (72, 5, 7, 0);

/* RICHARD */
INSERT INTO SIMILARIDADE (ID, ID_CLIENTE_ORIGEM, ID_CLIENTE_DESTINO, PONTUACAO) VALUES (73, 6, 1, 0);
INSERT INTO SIMILARIDADE (ID, ID_CLIENTE_ORIGEM, ID_CLIENTE_DESTINO, PONTUACAO) VALUES (74, 6, 2, 0);
INSERT INTO SIMILARIDADE (ID, ID_CLIENTE_ORIGEM, ID_CLIENTE_DESTINO, PONTUACAO) VALUES (75, 6, 3, 0);
INSERT INTO SIMILARIDADE (ID, ID_CLIENTE_ORIGEM, ID_CLIENTE_DESTINO, PONTUACAO) VALUES (76, 6, 4, 0);
INSERT INTO SIMILARIDADE (ID, ID_CLIENTE_ORIGEM, ID_CLIENTE_DESTINO, PONTUACAO) VALUES (77, 6, 5, 0);
INSERT INTO SIMILARIDADE (ID, ID_CLIENTE_ORIGEM, ID_CLIENTE_DESTINO, PONTUACAO) VALUES (78, 6, 7, 0);

/* PAULO */
INSERT INTO SIMILARIDADE (ID, ID_CLIENTE_ORIGEM, ID_CLIENTE_DESTINO, PONTUACAO) VALUES (79, 7, 1, 0);
INSERT INTO SIMILARIDADE (ID, ID_CLIENTE_ORIGEM, ID_CLIENTE_DESTINO, PONTUACAO) VALUES (80, 7, 2, 0);
INSERT INTO SIMILARIDADE (ID, ID_CLIENTE_ORIGEM, ID_CLIENTE_DESTINO, PONTUACAO) VALUES (81, 7, 3, 0);
INSERT INTO SIMILARIDADE (ID, ID_CLIENTE_ORIGEM, ID_CLIENTE_DESTINO, PONTUACAO) VALUES (82, 7, 4, 0);
INSERT INTO SIMILARIDADE (ID, ID_CLIENTE_ORIGEM, ID_CLIENTE_DESTINO, PONTUACAO) VALUES (83, 7, 5, 0);
INSERT INTO SIMILARIDADE (ID, ID_CLIENTE_ORIGEM, ID_CLIENTE_DESTINO, PONTUACAO) VALUES (84, 7, 6, 0);

SELECT * FROM DINDINAGORA.SIMILARIDADE;

/***********************************************************************************************************************************/

SELECT * 
FROM DINDINAGORA.TRANSACAO T
  INNER JOIN CLIENTE C ON C.ID = T.ID_CLIENTE
  INNER JOIN PRODUTO P ON P.ID = T.ID_PRODUTO;